Name,Age,URL
Abu Jayed,28y 61d,/player/abu-jayed-410763
Afif Hossain,22y 10d,/player/afif-hossain-935995
Ebadot Hossain,27y 268d,/player/ebadot-hossain-932355
Hasan Mahmud,21y 355d,/player/hasan-mahmud-926629
Liton Das,26y 354d,/player/liton-das-536936
Mahedi Hasan,26y 294d,/player/mahedi-hasan-833087
Mahmudullah,35y 240d,/player/mahmudullah-56025
Mehidy Hasan Miraz,23y 342d,/player/mehidy-hasan-miraz-629063
Mohammad Mithun,30y 214d,/player/mohammad-mithun-269237
Mohammad Naim,22y 41d,/player/mohammad-naim-990081
Mohammad Saifuddin,24y 335d,/player/mohammad-saifuddin-629070
Mominul Haque,30y 3d,/player/mominul-haque-373696
Mosaddek Hossain,25y 296d,/player/mosaddek-hossain-550133
Mushfiqur Rahim,34y 146d,/player/mushfiqur-rahim-56029
Mustafizur Rahman,26y 26d,/player/mustafizur-rahman-330902
Najmul Hossain Shanto,23y 38d,/player/najmul-hossain-shanto-629058
Nasum Ahmed,26y 301d,/player/nasum-ahmed-348049
Nayeem Hasan,21y 232d,/player/nayeem-hasan-932635
Nurul Hasan,27y 315d,/player/nurul-hasan-410765
Rubel Hossain,31y 274d,/player/rubel-hossain-300619
Saif Hassan,22y 337d,/player/saif-hassan-821749
Shadman Islam,26y 137d,/player/shadman-islam-629057
Shakib Al Hasan,34y 192d,/player/shakib-al-hasan-56143
Shamim Hossain,21y 30d,/player/shamim-hossain-1161044
Shoriful Islam,20y 121d,/player/shoriful-islam-990039
Soumya Sarkar,28y 219d,/player/soumya-sarkar-436677
Taijul Islam,29y 237d,/player/taijul-islam-401057
Tamim Iqbal,32y 196d,/player/tamim-iqbal-56194
Taskin Ahmed,26y 182d,/player/taskin-ahmed-538506
Abdul Halim,22y 334d,/player/abdul-halim-804055
Abdullah Al Mamun,,/player/abdullah-al-mamun-1277007
Abdur Razzak,39y 109d,/player/abdur-razzak-56283
Abu Hider,25y 230d,/player/abu-hider-550137
Abu Nasher,39y 240d,/player/abu-nasher-56237
Abu Sayeem,24y 328d,/player/abu-sayeem-629067
Abul Bashar,34y 281d,/player/abul-bashar-56270
Abul Hasan,29y 58d,/player/abul-hasan-373439
Aftab Ahmed,35y 326d,/player/aftab-ahmed-56266
Ahmed Kamal,44y 109d,/player/ahmed-kamal-56238
Ahosan Habib,18y 138d,/player/ahosan-habib-989929
Ahsanullah Hasan,41y 352d,/player/ahsanullah-hasan-56262
Aich Mollah,18y 147d,/player/aich-mollah-989775
Akbar Ali,19y 359d,/player/akbar-ali-990147
Akram Khan,52y 335d,/player/akram-khan-56221
Al Sahariar,43y 162d,/player/al-sahariar-56219
Al-Amin,27y 362d,/player/al-amin-549947
Al-Amin Hossain,31y 274d,/player/al-amin-hossain-511532
Alamgir Kabir,40y 28d,/player/alamgir-kabir-56249
Alauddin Babu,29y 301d,/player/alauddin-babu-410768
Ali Arman,37y 294d,/player/ali-arman-56267
Alok Kapali,37y 274d,/player/alok-kapali-56251
Alvi Haque,19y 114d,/player/alvi-haque-989939
Aminul Islam,21y 330d,/player/aminul-islam-926597
Aminul Islam,53y 242d,/player/aminul-islam-56224
Aminul Islam,46y 184d,/player/aminul-islam-56225
Amit Majumder,30y 274d,/player/amit-majumder-332412
Amite Hasan,20y 17d,/player/amite-hasan-1139516
Anamul Haque,28y 290d,/player/anamul-haque-380354
Anik Sarker Shatu,21y 183d,/player/anik-sarker-shatu-1012265
Anisur Rahman,50y 215d,/player/anisur-rahman-56222
Anwar Hossain Monir,39y 275d,/player/anwar-hossain-monir-56235
Anwar Hossain,37y 296d,/player/anwar-hossain-56255
Anwarul Amin,,/player/anwarul-amin-56278
Arafat Sunny,35y 3d,/player/arafat-sunny-56268
Ariful Haque,28y 318d,/player/ariful-haque-270135
Ariful Islam,24y 286d,/player/ariful-islam-933195
Ariful Islam,,/player/ariful-islam-1277009
Arman Badshah,29y 191d,/player/arman-badshah-429467
Arman Hossain,38y 102d,/player/arman-hossain-56231
Asadullah Galib,19y 69d,/player/asadullah-galib-1139521
Ashikur Zaman,,/player/ashikur-zaman-1276983
Ashim Chowdhury,35y 112d,/player/ashim-chowdhury-56282
Ashiqul Islam,32y 31d,/player/ashiqul-islam-332413
Ashiqur Rahman,34y 288d,/player/ashiqur-rahman-56275
Ashiqur Rahman Ruhit,17y 315d,/player/ashiqur-rahman-ruhit-1205467
Ashraful Aziz,31y 206d,/player/ashraful-aziz-300614
Ashraful Hossain,32y 21d,/player/ashraful-hossain-287495
Ashraful Islam,17y 279d,/player/ashraful-islam-989901
Asif Ahmed,28y 289d,/player/asif-ahmed-400585
Aslam Hossain,28y 242d,/player/aslam-hossain-550138
Aslam Khan,32y 283d,/player/aslam-khan-237504
Athar Ali Khan,59y 234d,/player/athar-ali-khan-56227
Atiq Khan,,/player/atiq-khan-56279
Avishek Das,20y 27d,/player/avishek-das-1161046
Ayasha Rahman,27y 242d,/player/ayasha-rahman-301595
Azhar Hossain,57y 201d,/player/azhar-hossain-56229
Belayet Hossain,66y 93d,/player/belayet-hossain-265841
Puja Chakraborty,,/player/puja-chakraborty-1208916
Dipu Roy Chowdhury,,/player/dipu-roy-chowdhury-56210
Dewan Sabbir,28y 364d,/player/dewan-sabbir-549949
Dhiman Ghosh,33y 313d,/player/dhiman-ghosh-56208
Dolar Mahmud,32y 276d,/player/dolar-mahmud-56209
Ehsanul Haque,41y 305d,/player/ehsanul-haque-55880
Elias Sunny,35y 274d,/player/elias-sunny-55883
Enamul Haque,55y 217d,/player/enamul-haque-55878
Enamul Haque jnr,34y 301d,/player/enamul-haque-jnr-55882
Fahim Muntasir,40y 335d,/player/fahim-muntasir-55887
Fahima Khatun,28y 334d,/player/fahima-khatun-627048
Faisal Hossain,42y 341d,/player/faisal-hossain-55889
Fargana Hoque,28y 197d,/player/fargana-hoque-486995
Farhad Reza,35y 108d,/player/farhad-reza-55894
Faruque Ahmed,55y 213d,/player/faruque-ahmed-55885
Fazle Mahmud,33y 276d,/player/fazle-mahmud-55893
Gazi Ashraf,60y 277d,/player/gazi-ashraf-55896
Gazi Salahuddin,36y 328d,/player/gazi-salahuddin-55904
Gholam Nousher,56y 361d,/player/gholam-nousher-55898
Golam Faruq,59y 70d,/player/golam-faruq-55897
Golam Kibria,32y 35d,/player/golam-kibria-300620
Golam Kibria,18y 357d,/player/golam-kibria-989755
Golam Mortaza,41y 132d,/player/golam-mortaza-55900
Habibul Bashar,49y 46d,/player/habibul-bashar-55906
Habibur Rahman,21y 284d,/player/habibur-rahman-990087
Hafizur Rahman,,/player/hafizur-rahman-55907
Hamidul Islam,32y 263d,/player/hamidul-islam-288304
Hannan Sarkar,38y 305d,/player/hannan-sarkar-55915
Harunur Rashid,52y 306d,/player/harunur-rashid-55912
Hasan Murad,20y 93d,/player/hasan-murad-990161
Hasibul Haque,34y 340d,/player/hasibul-haque-55922
Hasibul Hossain,44y 121d,/player/hasibul-hossain-55909
Nehal Hasnain,58y 112d,/player/nehal-hasnain-331566
Humayun Kabir,32y 61d,/player/humayun-kabir-236234
Iftekhar Nayem,32y 316d,/player/iftekhar-nayem-280738
Iftikharul Islam,34y 123d,/player/iftikharul-islam-328271
Iftikher Hossain,,/player/iftikher-hossain-1139525
Imamul Hossain,29y 30d,/player/imamul-hossain-410762
Imrul Kayes,34y 242d,/player/imrul-kayes-280734
Irfan Sukkur,28y 133d,/player/irfan-sukkur-400587
Ishraq Sonet,32y 356d,/player/ishraq-sonet-55931
Jahanara Alam,28y 184d,/player/jahanara-alam-343649
Jahangir Alam,48y 211d,/player/jahangir-alam-55932
Jahangir Alam Talukdar,52y 302d,/player/jahangir-alam-talukdar-55937
Jahangir Shah,72y 75d,/player/jahangir-shah-55933
Jahurul Islam,34y 294d,/player/jahurul-islam-55944
Jaker Ali,23y 222d,/player/jaker-ali-824541
Jamaluddin Ahmed,44y 270d,/player/jamaluddin-ahmed-55938
Jannatul Ferdus,21y 294d,/player/jannatul-ferdus-1051219
Jashimuddin,25y 280d,/player/jashimuddin-348082
Javed Omar,44y 311d,/player/javed-omar-55935
Joyraz Sheik,25y 11d,/player/joyraz-sheik-629071
Jubair Hossain,26y 20d,/player/jubair-hossain-629066
Junaid Siddique,33y 337d,/player/junaid-siddique-55946
Kamrul Islam,29y 296d,/player/kamrul-islam-375724
Kazi Kamrul Islam,33y 355d,/player/kazi-kamrul-islam-55961
Khadija Tul Kubra,26y 245d,/player/khadija-tul-kubra-535871
Khaled Ahmed,29y 12d,/player/khaled-ahmed-927619
Khaled Mahmud,50y 68d,/player/khaled-mahmud-55952
Khaled Mashud,45y 236d,/player/khaled-mashud-55954
Khalid Hasan,,/player/khalid-hasan-1276986
Kuntal Chandra,1984 | Died 2012,/player/kuntal-chandra-55964
Lata Mondal,28y 259d,/player/lata-mondal-346295
Lily Rani Biswas,26y 293d,/player/lily-rani-biswas-346292
Mafizur Rahman,42y 326d,/player/mafizur-rahman-55965
Mahbubul Alam,37y 305d,/player/mahbubul-alam-56032
Mahbubur Rahman,52y 243d,/player/mahbubur-rahman-55966
Mahfijul Islam,17y 206d,/player/mahfijul-islam-989883
Mahfuz Kabir,38y 278d,/player/mahfuz-kabir-55978
Mahidul Islam Ankon,22y 151d,/player/mahidul-islam-ankon-995037
Mahmudul Hasan,30y 296d,/player/mahmudul-hasan-300621
Mahmudul Hasan Joy,20y 323d,/player/mahmudul-hasan-joy-1161381
Maksudur Rahman,17y 329d,/player/maksudur-rahman-989777
Manjurul Islam,41y 329d,/player/manjurul-islam-55968
Manzarul Islam,1984 | Died 2007,/player/manzarul-islam-55991
Marshall Ayub,32y 301d,/player/marshall-ayub-228349
Mashrafe Mortaza,37y 362d,/player/mashrafe-mortaza-56007
Mazharul Haque,1980 | Died 2013,/player/mazharul-haque-55997
Mehedi Hasan,19y 255d,/player/mehedi-hasan-989761
Mehedi Hasan,19y 305d,/player/mehedi-hasan-1173889
Mehedi Hasan Rana,24y 274d,/player/mehedi-hasan-rana-878465
Mehedi Maruf,33y 181d,/player/mehedi-maruf-228210
SM Meherob,18y 64d,/player/sm-meherob-989749
Mehrab Hossain,43y 10d,/player/mehrab-hossain-55970
Mehrab Hossain jnr,34y 86d,/player/mehrab-hossain-jnr-56031
Minhajul Abedin,56y 7d,/player/minhajul-abedin-55971
Minhazur Rahman,20y 5d,/player/minhazur-rahman-1161045
Mizanur Rahman,49y 243d,/player/mizanur-rahman-55998
Mobashir Khan,,/player/mobashir-khan-430615
Mohammad Ashraful,37y 87d,/player/mohammad-ashraful-55988
Mohammad Azim,,/player/mohammad-azim-270250
Mohammad Kalim,38y 150d,/player/mohammad-kalim-55980
Mohammad Rafique,51y 27d,/player/mohammad-rafique-55973
Mohammad Rakib,22y 298d,/player/mohammad-rakib-933193
Mohammad Rubel,,/player/mohammad-rubel-400582
Saddam Hossain,25y 364d,/player/saddam-hossain-712585
Mohammad Salim,39y 352d,/player/mohammad-salim-55982
Mohammad Shahid,32y 335d,/player/mohammad-shahid-537154
Mohammad Shakil,31y 2d,/player/mohammad-shakil-267340
Mohammad Sharif,35y 294d,/player/mohammad-sharif-55986
Mohammad Sozib,1999 | Died 2020,/player/mohammad-sozib-1072490
Mohammad Sumon,26y 174d,/player/mohammad-sumon-629061
Mohiuddin Tareq,17y 322d,/player/mohiuddin-tareq-1265754
Ripon Mondol,,/player/ripon-mondol-1276980
Monirul Islam,21y 331d,/player/monirul-islam-990209
Moniruzzaman,44y 342d,/player/moniruzzaman-56011
Morshed Ali Khan,49y 141d,/player/morshed-ali-khan-55974
Mosabbek Hossain,22y 352d,/player/mosabbek-hossain-858603
Mosaddek Hossain,37y 311d,/player/mosaddek-hossain-55993
Mosharraf Hossain,39y 316d,/player/mosharraf-hossain-56017
Sobhana Mostary,19y 231d,/player/sobhana-mostary-1145089
Mrittunjoy Chowdhury,20y 96d,/player/mrittunjoy-chowdhury-1012137
Mujakkir Hussain,19y 118d,/player/mujakkir-hussain-1173888
Mukidul Islam,21y 94d,/player/mukidul-islam-990165
Muktar Ali,31y 357d,/player/muktar-ali-269332
Munim Shahriar,23y 133d,/player/munim-shahriar-549950
Murad Khan,40y 119d,/player/murad-khan-56003
Murshida Khatun,22y 87d,/player/murshida-khatun-1080264
Mushfik Hasan,,/player/mushfik-hasan-1276982
Mushfiqur Rahman,44y 265d,/player/mushfiqur-rahman-55976
Nabil Samad,34y 358d,/player/nabil-samad-56058
Nadif Chowdhury,34y 164d,/player/nadif-chowdhury-56053
Nadimuddin,31y 33d,/player/nadimuddin-281183
Naeem Islam,34y 275d,/player/naeem-islam-56054
Naeem Islam jnr,26y 348d,/player/naeem-islam-jnr-509416
Nafees Iqbal,36y 244d,/player/nafees-iqbal-56064
Nahid Hasan,24y 134d,/player/nahid-hasan-675737
Nahida Akter,21y 214d,/player/nahida-akter-924183
Nahidul Haque,39y 175d,/player/nahidul-haque-56042
Naimur Rahman,47y 13d,/player/naimur-rahman-56035
Naimur Rohman,18y 3d,/player/naimur-rohman-989781
Najmun Noor,,/player/najmun-noor-330904
Nasir Ahmed,57y 274d,/player/nasir-ahmed-56038
Nasir Hossain,29y 306d,/player/nasir-hossain-300618
Nazim Shirazi,58y 12d,/player/nazim-shirazi-331128
Nazimuddin,36y 1d,/player/nazimuddin-56059
Nazmul Hossain,33y 362d,/player/nazmul-hossain-56056
Nazmul Hossain Milon,34y 21d,/player/nazmul-hossain-milon-281188
Nazmul Islam,29y 195d,/player/nazmul-islam-446810
Nazmus Sadat,34y 349d,/player/nazmus-sadat-56061
Neeyamur Rashid,46y 274d,/player/neeyamur-rashid-56044
Nigar Sultana,24y 62d,/player/nigar-sultana-924177
Nihaduzzaman,22y 308d,/player/nihaduzzaman-629065
Noman Chowdhury,20y 48d,/player/noman-chowdhury-1202946
Noor Hossain,28y 303d,/player/noor-hossain-400588
Nurul Abedin,57y 25d,/player/nurul-abedin-56040
Nuruzzaman Rubel,,/player/nuruzzaman-rubel-550706
Nuzhat Tasnia,24y 275d,/player/nuzhat-tasnia-577190
Omar Mohammad,,/player/omar-mohammad-330897
Panna Ghosh,31y 325d,/player/panna-ghosh-301600
Parvez Hossain Emon,19y 112d,/player/parvez-hossain-emon-1139511
Pinak Ghosh,22y 255d,/player/pinak-ghosh-858137
Prantik Nawrose Nabil,17y 323d,/player/prantik-nawrose-nabil-1172971
Pritom Kumar,19y 315d,/player/pritom-kumar-1139518
Prosenjit Das,24y 289d,/player/prosenjit-das-629072
Qazi Onik,22y 198d,/player/qazi-onik-864553
Rabeya Khan,,/player/rabeya-khan-1204964
Rafikul Khan,43y 329d,/player/rafikul-khan-56077
Rafiqul Alam,63y 363d,/player/rafiqul-alam-56066
Rahatul Ferdous,26y 145d,/player/rahatul-ferdous-629064
Raihan Anas,32y 224d,/player/raihan-anas-301241
Rajin Saleh,37y 316d,/player/rajin-saleh-56074
Rakibul Hasan,19y 23d,/player/rakibul-hasan-1012131
Ranjan Das,39y 80d,/player/ranjan-das-56068
Raqibul Hasan,68y 274d,/player/raqibul-hasan-56070
Raqibul Hasan,33y 359d,/player/raqibul-hasan-56093
Rayan Rahman,23y 15d,/player/rayan-rahman-1072489
Rezaul Islam,34y 68d,/player/rezaul-islam-228211
Rifat Pradhan,24y 54d,/player/rifat-pradhan-629069
Rishad Hossain,19y 79d,/player/rishad-hossain-1139523
Ritu Moni,28y 239d,/player/ritu-moni-478808
Robiul Haque,21y 339d,/player/robiul-haque-1123787
Robiul Hoque,24y 271d,/player/robiul-hoque-990323
Robiul Islam,34y 347d,/player/robiul-islam-227455
Roni Hossen,21y 84d,/player/roni-hossen-1126021
Rony Talukdar,30y 357d,/player/rony-talukdar-300617
Rubaiyat Haque,33y 295d,/player/rubaiyat-haque-56092
Ruhel Ahmed,,/player/ruhel-ahmed-1136317
Rumana Ahmed,30y 126d,/player/rumana-ahmed-343648
Sabbir Khan,43y 245d,/player/sabbir-khan-56100
Sabbir Rahman,29y 314d,/player/sabbir-rahman-373538
Sadhrul Anam,,/player/sadhrul-anam-331112
Saeed Sarkar,24y 150d,/player/saeed-sarkar-629062
Saghir Hossain,35y 44d,/player/saghir-hossain-56158
Saidul Islam,21y 27d,/player/saidul-islam-1013539
Saiful Islam,52y 171d,/player/saiful-islam-56094
Sajal Chowdhury,43y 193d,/player/sajal-chowdhury-56117
Sajedul Islam,33y 257d,/player/sajedul-islam-227454
Sajid Hossain,18y 291d,/player/sajid-hossain-1012187
Sajjad Ahmed,47y 135d,/player/sajjad-ahmed-56096
Saleh Ahmed Shawon,24y 73d,/player/saleh-ahmed-shawon-799657
Salim Shahed,51y 66d,/player/salim-shahed-56115
Salma Khatun,31y 1d,/player/salma-khatun-301603
Salman Hossain,26y 106d,/player/salman-hossain-537613
Samiur Rahman,67y 303d,/player/samiur-rahman-56097
Sanjida Akter Meghla,20y 120d,/player/sanjida-akter-meghla-1205142
Sanjida Islam,25y 184d,/player/sanjida-islam-535869
Sanjit Saha,23y 332d,/player/sanjit-saha-821755
Sanwar Hossain,48y 58d,/player/sanwar-hossain-56107
Saqlain Sajib,32y 305d,/player/saqlain-sajib-280737
Sarmin Sultana,27y 305d,/player/sarmin-sultana-924179
Shafaq Al Zabir,35y 84d,/player/shafaq-al-zabir-56110
Shafiq-ul-Haq,,/player/shafiq-ul-haq-43134
Shafiuddin Ahmed,48y 123d,/player/shafiuddin-ahmed-56101
Shafiul Alam,36y 274d,/player/shafiul-alam-56112
Shafiul Hayet,23y 315d,/player/shafiul-hayet-858139
Shafiul Islam,31y 361d,/player/shafiul-islam-288305
Shahadat Hossain,35y 56d,/player/shahadat-hossain-56149
Shahadat Hossain,19y 240d,/player/shahadat-hossain-989935
Shahanaz Parvin,30y 48d,/player/shahanaz-parvin-627049
Shahanur Rahman,25y 160d,/player/shahanur-rahman-821753
Shaheedur Rahman,58y 274d,/player/shaheedur-rahman-56102
Shahin Alam,20y 62d,/player/shahin-alam-1194723
Shahnawaz Kabir,42y 275d,/player/shahnawaz-kabir-56109
Shahriar Hossain,45y 123d,/player/shahriar-hossain-56104
Shahriar Nafees,36y 154d,/player/shahriar-nafees-56153
Shaila Sharmin,32y 78d,/player/shaila-sharmin-581029
Shaker Ahmed,29y 132d,/player/shaker-ahmed-403426
Shakhawat Hossain,22y 359d,/player/shakhawat-hossain-990221
Shakil Hossain,21y 163d,/player/shakil-hossain-1131694
Shamima Sultana,33y 207d,/player/shamima-sultana-535870
Shamsul Islam,,/player/shamsul-islam-1276978
Shamsur Rahman,33y 119d,/player/shamsur-rahman-56154
Shanewas Shahid,,/player/shanewas-shahid-332344
Sharfuddoula,44y 351d,/player/sharfuddoula-56128
Shariful Haque,45y 260d,/player/shariful-haque-56098
Shariful Islam,20y 121d,/player/shariful-islam-56113
Sharmin Akhter,25y 275d,/player/sharmin-akhter-535868
Shathira Jakir,30y 306d,/player/shathira-jakir-301605
Sheikh Salahuddin,1969 | Died 2013,/player/sheikh-salahuddin-56118
Shohag Reza,29y 232d,/player/shohag-reza-410767
Shohely Akhter,33y 108d,/player/shohely-akhter-535866
Shukhtara Rahman,27y 242d,/player/shukhtara-rahman-346298
Shuvagata Hom,34y 325d,/player/shuvagata-hom-402992
Shykat Ali,27y 286d,/player/shykat-ali-314743
Sohag Gazi,30y 58d,/player/sohag-gazi-444135
Sohrawordi Shuvo,32y 315d,/player/sohrawordi-shuvo-56138
Subashis Roy,32y 307d,/player/subashis-roy-301847
Sultana Yesmin,32y 50d,/player/sultana-yesmin-486997
Sunzamul Islam,31y 258d,/player/sunzamul-islam-380974
Suraiya Azmin,22y 126d,/player/suraiya-azmin-1051217
Syed Rasel,37y 91d,/player/syed-rasel-56160
Tahjibul Islam,,/player/tahjibul-islam-1266706
Taibur Rahman,30y 53d,/player/taibur-rahman-386100
Talha Jubair,35y 296d,/player/talha-jubair-56180
Tanbir Hayder,29y 301d,/player/tanbir-hayder-421892
Tanjeeb Ahsan,,/player/tanjeeb-ahsan-56192
Tanvirul Islam,42y 31d,/player/tanvirul-islam-56193
Tanzid Hasan,20y 305d,/player/tanzid-hasan-990023
Tanzim Hasan Sakib,18y 347d,/player/tanzim-hasan-sakib-1139520
Tapash Baisya,38y 281d,/player/tapash-baisya-56176
Taposh Ghosh,30y 52d,/player/taposh-ghosh-269238
Tareq Aziz,38y 28d,/player/tareq-aziz-56188
Tarikul Hasan,39y 297d,/player/tarikul-hasan-56178
Tasamul Haque,30y 0d,/player/tasamul-haque-400583
Tazia Akhter,27y 294d,/player/tazia-akhter-487001
Tipu Sultan,23y 20d,/player/tipu-sultan-990255
Tithy Sarkar,31y 51d,/player/tithy-sarkar-301608
Towhid Hridoy,20y 302d,/player/towhid-hridoy-990031
Tushar Imran,37y 286d,/player/tushar-imran-56186
S Ul-Haque,,/player/s-ul-haque-330905
Vobon Sutradhar,,/player/vobon-sutradhar-932737
Wahidul Gani,63y 10d,/player/wahidul-gani-56162
Waseluddin Ahmed,35y 274d,/player/waseluddin-ahmed-56164
Yasir Ali,25y 210d,/player/yasir-ali-629059
Yeasin Arafat,21y 270d,/player/yeasin-arafat-1012089
Yousuf Rahman,,/player/yousuf-rahman-330892
Zabid Hossain,29y 20d,/player/zabid-hossain-301864
Zahid Razzak,54y 61d,/player/zahid-razzak-56165
Zakaria Masud,28y 65d,/player/zakaria-masud-550134
Zakir Hasan,48y 305d,/player/zakir-hasan-56166
Zakir Hasan,23y 243d,/player/zakir-hasan-697059
Zakir Hossain,44y 273d,/player/zakir-hossain-56173
Ziaul Islam,,/player/ziaul-islam-330894
Ziaur Rahman,34y 304d,/player/ziaur-rahman-56167
