Unique_ID,Format,Mat,Referee
/player/ahsanullah-hasan-56262,FC,5,5
/player/ahsanullah-hasan-56262,List A,5,5
/player/ali-arman-56267,FC,4,4
/player/ali-arman-56267,List A,17,17
/player/ali-arman-56267,T20,10,10
/player/aminul-islam-56224,WT20I,1,1
/player/aminul-islam-56224,List A,5,5
/player/anisur-rahman-56222,Test,1,,1
/player/anisur-rahman-56222,ODI,29,9,20
/player/anisur-rahman-56222,T20I,21,13,8
/player/anisur-rahman-56222,WODI,4,4,
/player/anisur-rahman-56222,WT20I,1,1,
/player/anisur-rahman-56222,FC,67,67,
/player/anisur-rahman-56222,List A,96,96,
/player/anisur-rahman-56222,T20,58,35,23
/player/belayet-hossain-265841,FC,79,79
/player/belayet-hossain-265841,List A,81,81
/player/belayet-hossain-265841,T20,1,1
/player/dipu-roy-chowdhury-56210,FC,13,13
/player/dipu-roy-chowdhury-56210,List A,11,11
/player/ehsanul-haque-55880,T20,2,2
/player/enamul-haque-55878,Test,11,1,10,
/player/enamul-haque-55878,ODI,65,54,11,
/player/enamul-haque-55878,T20I,24,14,10,
/player/enamul-haque-55878,WODI,4,4,,
/player/enamul-haque-55878,FC,63,62,,1
/player/enamul-haque-55878,List A,80,79,,1
/player/enamul-haque-55878,T20,59,41,18,
/player/moniruzzaman-56011,FC,23,23,
/player/moniruzzaman-56011,List A,27,27,
/player/moniruzzaman-56011,T20,33,13,20
/player/morshed-ali-khan-55974,FC,46,45,,1
/player/morshed-ali-khan-55974,List A,98,98,,
/player/morshed-ali-khan-55974,T20,58,33,25,
/player/nasir-ahmed-56038,List A,1,1
/player/neeyamur-rashid-56044,Test,2,,2
/player/neeyamur-rashid-56044,ODI,12,,12
/player/neeyamur-rashid-56044,T20I,10,,10
/player/neeyamur-rashid-56044,WODI,1,,1
/player/neeyamur-rashid-56044,WT20I,24,,24
/player/neeyamur-rashid-56044,FC,29,,29
/player/neeyamur-rashid-56044,List A,56,,56
/player/neeyamur-rashid-56044,T20,51,1,50
/player/rafiqul-alam-56066,FC,19,19
/player/rafiqul-alam-56066,List A,15,15
/player/raqibul-hasan-56070,WT20I,1,1
/player/raqibul-hasan-56070,FC,69,69
/player/raqibul-hasan-56070,List A,109,109
/player/raqibul-hasan-56070,T20,116,116
/player/salim-shahed-56115,FC,10,10
/player/salim-shahed-56115,List A,8,8
/player/salim-shahed-56115,T20,32,32
/player/samiur-rahman-56097,FC,65,16,49
/player/samiur-rahman-56097,List A,74,12,62
/player/samiur-rahman-56097,T20,25,,25
/player/shafiuddin-ahmed-56101,FC,31,31
/player/shafiuddin-ahmed-56101,List A,47,47
/player/shafiuddin-ahmed-56101,T20,15,15
/player/sharfuddoula-56128,Test,6,2,4
/player/sharfuddoula-56128,ODI,76,48,28
/player/sharfuddoula-56128,T20I,49,37,12
/player/sharfuddoula-56128,WODI,9,8,1
/player/sharfuddoula-56128,WT20I,20,20,
/player/sharfuddoula-56128,FC,57,57,
/player/sharfuddoula-56128,List A,97,97,
/player/sharfuddoula-56128,T20,104,69,35
/player/zahid-razzak-56165,WODI,3,3
/player/zahid-razzak-56165,FC,6,6
